Fecha_Hora,Caudal_lmin,Temp_Hot_In_C,Temp_Cold_In_C
2026-08-01 00:00:00,26.236203565420873,84.07510685231557,21.78938432275089
2026-08-01 01:00:00,43.52142919229749,72.7184959924849,15.65730501052593
2026-08-01 02:00:00,36.95981825434215,70.99744401050167,19.708214827575883
2026-08-01 03:00:00,32.959754525911094,81.11680973935088,18.106251535132
2026-08-01 04:00:00,19.680559213273096,78.61709669769868,21.076995780642537
2026-08-01 05:00:00,19.67983561008608,82.62743165137408,16.2400485261317
2026-08-01 06:00:00,16.742508365045985,72.09658564939434,19.84838166558315
2026-08-01 07:00:00,40.98528437324806,81.92900967789835,20.866807027536773
2026-08-01 08:00:00,33.03345035229626,73.02440980071617,21.61229953631816
2026-08-01 09:00:00,36.242177333881365,72.45483914298556,19.78273619802752
2026-08-01 10:00:00,15.617534828874074,72.46398696896489,18.480223348058992
2026-08-01 11:00:00,44.097295564859834,82.21862080347073,19.324930681408496
2026-08-01 12:00:00,39.97327922401266,79.977958310443,21.082334891351028
2026-08-01 13:00:00,21.370173320348286,77.8459813715368,18.994268226471807
2026-08-01 14:00:00,20.454749016213018,75.38245726185254,15.212709417877859
2026-08-01 15:00:00,20.502135295603015,83.15800811219663,21.516640868548844
2026-08-01 16:00:00,24.127267288786133,75.88667661133952,19.82668725722093
2026-08-01 17:00:00,30.742692948967136,82.24899159207365,19.735593700440724
2026-08-01 18:00:00,27.958350559263472,76.58702362855328,16.50972606678402
2026-08-01 19:00:00,23.736874205941255,75.65416644137362,19.6121982916286
2026-08-01 20:00:00,33.35558684167138,76.9401967850441,17.757050839579108
2026-08-01 21:00:00,19.184815819561255,74.52066811246213,19.558630839290444
2026-08-01 22:00:00,23.764339456056547,81.21414070264376,15.746151212155935
2026-08-01 23:00:00,25.99085529881075,77.54080585138719,19.604917132221253
2026-08-02 00:00:00,28.682099526511077,73.48319042720226,21.995896080394665
2026-08-02 01:00:00,38.55527884179041,83.49361859911852,15.337484272023893
2026-08-02 02:00:00,20.99021346475079,75.75836832059817,21.84021928954922
2026-08-02 03:00:00,30.42703315240835,78.15329291670983,17.848355725060095
2026-08-02 04:00:00,32.772437065861276,83.5970816644682,21.095274152360815
2026-08-02 05:00:00,16.393512381599933,79.36356993870989,20.476698388407915
2026-08-02 06:00:00,33.226345557043146,71.75347061062546,18.969113826906675
2026-08-02 07:00:00,20.115723710618745,84.09748185420213,20.169144464759285
2026-08-02 08:00:00,16.951547789558386,79.41562079607127,21.149608929109434
2026-08-02 09:00:00,43.466566117599996,75.02358421985629,17.828982251557232
2026-08-02 10:00:00,43.96896099223678,72.08908108995081,17.289232130942672
2026-08-02 11:00:00,39.25192044349383,81.91037783905443,19.673153698945093
2026-08-02 12:00:00,24.13841307520112,79.3010913389277,20.65492159358881
2026-08-02 13:00:00,17.930163420191516,78.00191637964483,20.33599594343631
2026-08-02 14:00:00,35.52699079536471,83.40838874576437,20.584695542010444
2026-08-02 15:00:00,28.20457481218804,81.82895816836796,18.049083203690532
2026-08-02 16:00:00,18.661147045343366,72.27512319599127,20.724839513225152
2026-08-02 17:00:00,29.855307303338105,74.67583101693322,15.84146338759426
2026-08-02 18:00:00,16.031655633456552,73.72733709721699,18.81142368572595
2026-08-02 19:00:00,42.27961206236346,81.15919438859015,15.040310623486851
2026-08-02 20:00:00,22.763399448000506,70.50298652103669,17.272100809301893
2026-08-02 21:00:00,34.875668530619464,78.54834527306974,17.565230744099786
2026-08-02 22:00:00,24.35133228268233,81.43688028611035,17.77320884126479
2026-08-02 23:00:00,30.602040635334326,83.15148455142624,19.868270446829037
2026-08-03 00:00:00,31.40130838029839,75.1312262307386,17.71990670889242
2026-08-03 01:00:00,20.545633665765813,82.31885957008019,18.140855358357715
2026-08-03 02:00:00,44.08753883293676,71.65947605432811,16.66280891612029
2026-08-03 03:00:00,38.253984700833435,82.69678437601777,17.61276254140538
2026-08-03 04:00:00,43.18496824692568,71.91232993497974,16.59088739084206
2026-08-03 05:00:00,41.844820512829465,75.9593093584055,15.512371466379106
2026-08-03 06:00:00,32.93699936433255,81.95943048669331,19.224140153669644
2026-08-03 07:00:00,42.6562270506935,72.24876141023161,19.677489589885113
2026-08-03 08:00:00,17.654775061557586,73.43877092848962,19.3364324220673
2026-08-03 09:00:00,20.879485872574357,80.833788525896,18.244458306604006
2026-08-03 10:00:00,16.35681866731614,80.80054804819112,17.658500461254608
2026-08-03 11:00:00,24.759909922897933,79.61721449327946,21.043335547002776
2026-08-03 12:00:00,26.660318690684463,80.4092266670065,18.633572495953526
2026-08-03 13:00:00,23.140470953216877,78.14086665021394,18.354273143408115
2026-08-03 14:00:00,39.86212527455788,73.7769858836043,15.17949446064505
2026-08-03 15:00:00,25.70259980080768,75.1854399025588,17.388734793383094
2026-08-03 16:00:00,23.428035290621423,72.72396575202139,17.661369331501
2026-08-03 17:00:00,31.280882494747456,83.62675842000442,17.791759466278304
2026-08-03 18:00:00,19.22772674924288,78.75087692149181,19.061206584591325
2026-08-03 19:00:00,39.06590942262119,76.0127712514546,18.73521782708815
2026-08-03 20:00:00,17.236519310393124,76.930087054662,19.255335649554112
2026-08-03 21:00:00,44.60660809801552,84.20925009417724,20.354182830794898
2026-08-03 22:00:00,38.16734307889972,72.3002710467412,20.690900171012654
2026-08-03 23:00:00,20.961470446025174,78.79344748025196,20.02686153358546
2026-08-04 00:00:00,15.165663513708072,77.58833018326699,21.68866587168454
2026-08-04 01:00:00,39.463842853645026,79.17181353151972,15.127628078734531
2026-08-04 02:00:00,36.205720315428515,70.27165275731261,16.370445899784823
2026-08-04 03:00:00,36.87021504122962,83.08185863416227,15.052940124846995
2026-08-04 04:00:00,38.13811040057837,83.98177423725419,19.532322999082222
2026-08-04 05:00:00,17.221339552022712,78.47699775383813,21.286213842649907
2026-08-04 06:00:00,25.753971856328178,80.44976235815338,16.704376076034094
2026-08-04 07:00:00,18.47607178575389,83.83749071765943,21.489241813574147
2026-08-04 08:00:00,40.89310277626781,80.60857951470098,15.421871732026926
2026-08-04 09:00:00,33.69894380482674,72.28808564371391,21.5410521876386
2026-08-04 10:00:00,24.926940745579476,78.6443254025022,17.461358810677442
2026-08-04 11:00:00,16.90675050858071,79.10072569574284,15.709945799144515
2026-08-04 12:00:00,24.329469651469864,76.3619600695358,18.40110231430428
2026-08-04 13:00:00,24.75549966080241,81.04666353437085,16.797435974043555
2026-08-04 14:00:00,36.888185350141924,84.01550522153522,16.994110313733458
2026-08-04 15:00:00,34.12672414065639,83.88352769360165,17.151029754484007
2026-08-04 16:00:00,41.616382277289794,76.76259057106198,20.621181284828644
2026-08-04 17:00:00,29.16644775485848,71.69857068761132,18.774128936726783
2026-08-04 18:00:00,18.58782737814905,84.77261798443502,17.179153894092025
2026-08-04 19:00:00,36.39734361668985,82.58347129668901,19.272336483176428
2026-08-04 20:00:00,37.82355145850693,71.86994021804901,20.013054719562355
2026-08-04 21:00:00,31.83831592708489,83.81262823926059,16.908368005134736
2026-08-04 22:00:00,38.12901539863683,83.04844543093192,17.89484371067746
2026-08-04 23:00:00,29.81386789093172,77.78257085689108,15.853202653358633
2026-08-05 00:00:00,30.681984881459822,78.86913153617394,16.26804544674276
2026-08-05 01:00:00,27.826230550756488,75.98504055805195,19.76782497775488
2026-08-05 02:00:00,15.762573802322855,70.82142458233047,16.27006843386939
2026-08-05 03:00:00,18.236742809799132,75.02795862468851,18.676143685669423
2026-08-05 04:00:00,15.942875570602027,82.04280172897018,19.96332383205703
2026-08-05 05:00:00,34.09231233791341,70.06948034506904,15.748138461663206
2026-08-05 06:00:00,24.4306794322898,75.00248757536716,18.971185537402324
2026-08-05 07:00:00,30.257120734941083,75.97253040386416,16.795939485909546
2026-08-05 08:00:00,42.22699421778279,78.06093404406884,21.74048812666306
2026-08-05 09:00:00,22.47876687446625,83.7978342461914,18.384819527039472
2026-08-05 10:00:00,27.31148769106889,75.19518991548942,20.641947848426106
2026-08-05 11:00:00,37.66653415629146,75.20429802844342,18.851585795093833
2026-08-05 12:00:00,21.863944964748676,81.06251872164623,15.303887729983733
2026-08-05 13:00:00,17.30939729486379,76.7832691133471,19.432059629158157
2026-08-05 14:00:00,23.69254358741304,73.36907234409973,21.6598233954466
2026-08-05 15:00:00,19.83663861762013,76.7865927419904,19.21128274102432
2026-08-05 16:00:00,42.890929570277194,72.112855305697,20.73432201598753
2026-08-05 17:00:00,39.24361138693251,72.64580479759334,21.189445243438854
2026-08-05 18:00:00,34.002112695312704,77.4755165910922,16.596558403642526
2026-08-05 19:00:00,41.143817705631534,76.28388174256821,16.484313879357586
2026-08-05 20:00:00,39.110162306973436,83.7226885160215,19.27686692195694
2026-08-05 21:00:00,20.597101766581076,75.4359084867495,17.877199288646935
2026-08-05 22:00:00,41.77676995469933,78.70882525417065,20.87902912006704
2026-08-05 23:00:00,31.18026725746952,79.48396431879296,21.30016186378608
2026-08-06 00:00:00,39.22320465492187,70.19641684882501,17.47394965511903
2026-08-06 01:00:00,41.8827389977048,79.95306058025066,16.658093912821375
2026-08-06 02:00:00,24.540104249155917,72.67053950304627,20.463678606707035
2026-08-06 03:00:00,18.301557735830304,84.41605476204182,16.923642248836952
2026-08-06 04:00:00,21.83805487625825,72.2299409162967,20.758300229595747
2026-08-06 05:00:00,27.813233658787688,76.21936185590536,17.96616777554134
2026-08-06 06:00:00,39.54044297767479,71.28024502117965,19.672849295040294
2026-08-06 07:00:00,40.82191749769031,84.95311377768921,15.668747196842677
2026-08-06 08:00:00,15.208563915935722,77.53292515496864,19.367015272736012
2026-08-06 09:00:00,30.32241907732697,78.93077525980065,18.162373751160604
2026-08-06 10:00:00,27.52233009446337,71.00614716082642,19.10625924222832
2026-08-06 11:00:00,21.663234314121908,81.24940705598766,16.176099454214043
2026-08-06 12:00:00,18.595961020010485,73.14858389643379,20.158116214609276
2026-08-06 13:00:00,25.12845514210884,83.4708143416107,21.0395795428026
2026-08-06 14:00:00,43.287291117375574,73.07709460723011,16.51717860063543
2026-08-06 15:00:00,24.696087960622656,72.860315809955,15.670001888641131
2026-08-06 16:00:00,30.563718652300985,70.54824501772143,15.165470102324354
2026-08-06 17:00:00,36.090568766855334,77.08100417664998,19.49380050310286
2026-08-06 18:00:00,25.90888807137882,78.47261699893924,19.249658252621465
2026-08-06 19:00:00,44.15346248162882,70.98562959142528,18.82688188899849
2026-08-06 20:00:00,43.87341884826334,81.63291425042516,16.623629672811827
2026-08-06 21:00:00,22.553468874760924,76.7993325212204,17.736341971338604
2026-08-06 22:00:00,29.91745517677156,77.8658540399137,19.16133434630321
2026-08-06 23:00:00,24.026349294503092,76.61144120407343,18.477368012014185
2026-08-07 00:00:00,23.545214831324028,76.01144591312989,21.91449864150421
2026-08-07 01:00:00,16.106608420635983,78.39460496962327,15.955078267897132
2026-08-07 02:00:00,33.286930019396905,72.32860368896068,19.866011878333158
2026-08-07 03:00:00,30.080370696865845,72.72892195742907,17.830231376730044
2026-08-07 04:00:00,16.54436253749968,82.92678431520275,17.997397304479303
2026-08-07 05:00:00,23.359393927098346,84.19173193200449,20.023184359607235
2026-08-07 06:00:00,42.24797657899961,75.5996397441963,19.847053059270586
2026-08-07 07:00:00,22.186856720009175,74.06117009715331,21.93879195591532
2026-08-07 08:00:00,19.346846162736693,79.65999314858524,15.898760026178877
2026-08-07 09:00:00,29.68358280832689,76.13101256647144,15.728767545689164
2026-08-07 10:00:00,44.56951362331802,70.38079533490517,20.07037171990119
2026-08-07 11:00:00,22.261658145345013,72.34228896049285,19.048708419044864
2026-08-07 12:00:00,35.16406642217636,80.73958343271096,16.91912466591864
2026-08-07 13:00:00,37.84858845986153,79.88385912865228,15.555935582922906
2026-08-07 14:00:00,22.12912631977199,70.40643988755225,15.599607747175014
2026-08-07 15:00:00,36.84649045835579,73.32958242899424,21.25933612264883
2026-08-07 16:00:00,26.033493981577596,73.46612194882107,16.3430712730312
2026-08-07 17:00:00,33.96917491780738,80.07839115398093,17.263600934808647
2026-08-07 18:00:00,34.00589132282684,70.29565806631547,16.586594815588917
2026-08-07 19:00:00,31.073240522242756,71.56162872976861,17.48497414082356
2026-08-07 20:00:00,17.70869310163225,81.99874128059784,15.485966899222653
2026-08-07 21:00:00,40.05907486767714,72.678169930815,18.633418536357894
2026-08-07 22:00:00,24.623401949152075,79.79119161777813,15.473287945145504
2026-08-07 23:00:00,20.595555311995625,73.5727417157009,20.60249555475653
2026-08-08 00:00:00,16.223254246642917,71.49162089139018,16.63598457337303
2026-08-08 01:00:00,32.72678829564725,73.64758286499182,18.780083402231575
2026-08-08 02:00:00,35.32693085526847,80.83400397783488,21.160553612930208
2026-08-08 03:00:00,15.497634867835684,82.83544702159429,19.55614158333036
2026-08-08 04:00:00,30.36279174897843,82.45329796850487,18.730704505859347
2026-08-08 05:00:00,21.79487325593814,75.95775294427682,17.27033627180763
2026-08-08 06:00:00,34.35518371228349,80.0212770485597,17.331013391407385
2026-08-08 07:00:00,20.23099287014974,73.07476443123731,19.68640868638733
2026-08-08 08:00:00,35.72813214307398,74.3972159539152,21.958975528548173
2026-08-08 09:00:00,26.602060389016124,83.4450372778168,19.63287432894565
2026-08-08 10:00:00,43.101899662102035,70.19502885266104,18.904483921590174
2026-08-08 11:00:00,19.125628324379797,71.28262796281702,20.114553571674723
2026-08-08 12:00:00,25.231990531507755,73.11829382719041,18.256439285986026
2026-08-08 13:00:00,18.40420563721767,70.3979830581073,15.420996398205496
2026-08-08 14:00:00,42.74080854835688,72.72153152634696,18.93607771114537
2026-08-08 15:00:00,41.32018060142943,78.74562341454538,21.70337699153766
2026-08-08 16:00:00,22.73824883145467,76.32136825888747,16.227120596503617
2026-08-08 17:00:00,34.79952138102537,83.39007566615462,19.830034235744662
2026-08-08 18:00:00,39.51666600603647,82.2616534260766,16.406535820613396
2026-08-08 19:00:00,31.65602434798387,75.12726027546815,18.75079379131157
2026-08-08 20:00:00,30.889517350680194,73.89135150146939,15.676735147527037
2026-08-08 21:00:00,22.25556872701355,75.695386122509,18.152596553807296
2026-08-08 22:00:00,17.793083034176977,78.85442413772212,20.29314330226672
2026-08-08 23:00:00,41.91647273859981,74.02095461234315,17.433000669672875
2026-08-09 00:00:00,42.01254171489991,79.362233617737,19.654382071410527
2026-08-09 01:00:00,33.99304371819804,76.1411747828686,20.568149725528105
2026-08-09 02:00:00,25.17089373146102,78.2807077127797,21.490244736356168
2026-08-09 03:00:00,25.476287238379825,76.54189793702974,16.642494572988173
2026-08-09 04:00:00,36.77867036610718,74.41698639312877,17.795211410665157
2026-08-09 05:00:00,41.913307798577314,84.22679960443236,16.066912093312922
2026-08-09 06:00:00,41.61259272795352,81.4540869123964,21.947384515108627
2026-08-09 07:00:00,38.396266375728715,72.1016976364968,21.489006775470067
2026-08-09 08:00:00,34.26094938462863,83.02701963846869,18.779699911963917
2026-08-09 09:00:00,17.524198949851467,77.31146797374271,20.89423306063495
2026-08-09 10:00:00,19.84886142283841,83.41828340341137,18.646705840904296
2026-08-09 11:00:00,41.956625655812374,81.99782883920973,19.365099816019317
2026-08-09 12:00:00,33.1928717897877,76.3782025670385,15.623871024812116
2026-08-09 13:00:00,15.27591154849889,70.33703962480176,20.286892943477653
2026-08-09 14:00:00,18.044146285980965,74.03016039077418,15.893994385446645
2026-08-09 15:00:00,34.905053073241675,78.124513219913,20.782473411767697
2026-08-09 16:00:00,15.15184751538656,79.5021732973922,20.4741966136927
2026-08-09 17:00:00,19.82424154252496,73.86831528149803,19.961212884200833
2026-08-09 18:00:00,31.462013680997583,72.09034111109236,15.253122663673334
2026-08-09 19:00:00,35.7568559307808,82.52395355198949,17.1218984916173
2026-08-09 20:00:00,34.55883778507801,84.76603271055328,16.8417879893759
2026-08-09 21:00:00,21.728079283816793,77.88535273454029,17.520954852300633
2026-08-09 22:00:00,36.36537664042608,72.57518928772456,15.61349922734687
2026-08-09 23:00:00,22.117472624904003,74.08460989779053,21.55870476121744
2026-08-10 00:00:00,24.76199094477803,70.275860148212,18.876615684986632
2026-08-10 01:00:00,37.394742153540726,83.71448209840749,17.138670174606165
2026-08-10 02:00:00,34.48898697141644,71.76626624335212,17.778870619519985
2026-08-10 03:00:00,40.47670231482534,78.6477471327138,18.13041778353385
2026-08-10 04:00:00,34.7283867690103,74.1108283103081,19.20416033352432
2026-08-10 05:00:00,32.04925810006415,78.3126700377369,18.609755993875485
2026-08-10 06:00:00,17.810243034842774,79.77130582527796,21.43574381250092
2026-08-10 07:00:00,26.031474091783004,82.44612705560803,18.478744380340814
2026-08-10 08:00:00,22.956071030451763,73.09631907640905,21.945106103763187
2026-08-10 09:00:00,22.319689301372506,70.16493742987721,20.95997470421567
2026-08-10 10:00:00,44.190316642573364,72.05328445103211,16.45957360050135
2026-08-10 11:00:00,26.792931740002814,83.50027962772158,21.514166502507415
2026-08-10 12:00:00,41.7613966553134,83.10835116343773,15.814564785198332
2026-08-10 13:00:00,33.93415877991789,78.96119653255462,20.72214795943834
2026-08-10 14:00:00,38.84433910624945,79.0077529065048,17.66436305433606
2026-08-10 15:00:00,30.079112793155765,79.97555011819384,21.145820243115487
2026-08-10 16:00:00,32.30711653879077,72.63056917935174,21.076396830752152
2026-08-10 17:00:00,29.77553081456592,83.71617918887439,20.64147780082335
2026-08-10 18:00:00,20.857289633941335,76.2815578733811,20.530213054149428
2026-08-10 19:00:00,36.67356345784516,75.74707792374247,17.132753973686285
2026-08-10 20:00:00,23.423170873225672,77.78376557924257,15.566434981358766
2026-08-10 21:00:00,15.729478992943616,70.70448950162583,17.82086125135613
2026-08-10 22:00:00,34.364168877215036,72.4942505313412,16.21467160490556
2026-08-10 23:00:00,20.31332038221147,81.07050424639556,19.86465762231723
2026-08-11 00:00:00,43.21375753058743,71.2419800188769,17.422698085764498
2026-08-11 01:00:00,43.617857310077625,79.04728164199582,21.829271406019405
2026-08-11 02:00:00,42.44593170661346,73.68023664521982,19.486804541417325
2026-08-11 03:00:00,26.10476100766333,75.83943421062965,20.757363945440527
2026-08-11 04:00:00,15.463698495866023,74.3304060515605,15.927672709192938
2026-08-11 05:00:00,42.84955687763176,75.33509074697423,21.034101375908357
2026-08-11 06:00:00,27.84552444951943,80.78568857776368,21.45930033359376
2026-08-11 07:00:00,43.999644571310085,74.45682573434763,18.409433431732552
2026-08-11 08:00:00,43.90859931267758,78.49606960445345,19.24377056425684
2026-08-11 09:00:00,40.5902836640208,77.1407560329865,20.35366860632097
2026-08-11 10:00:00,23.83346676208757,79.95506748043972,16.22387039082289
2026-08-11 11:00:00,26.552931858057757,84.05244608987137,18.517962535244095
2026-08-11 12:00:00,40.534100145505704,80.98858145815376,17.79064119440619
2026-08-11 13:00:00,24.50766015468833,73.22410567886135,16.024617945135745
2026-08-11 14:00:00,20.084782400582775,70.46774702591927,17.572740956040718
2026-08-11 15:00:00,31.704037873750504,73.93396066449738,15.477206165698455
2026-08-11 16:00:00,43.08464322482343,78.92616896050382,15.18068334864641
2026-08-11 17:00:00,35.88089390024919,70.77138720226375,15.946164024083759
2026-08-11 18:00:00,32.10183510268095,77.44549370801855,21.741805781124217
2026-08-11 19:00:00,17.915294813123054,78.95264273375334,18.846706751265117
2026-08-11 20:00:00,33.45021680097509,75.01365836225442,21.76075512807254
2026-08-11 21:00:00,44.7016155031279,81.56368305618733,18.027485148310923
2026-08-11 22:00:00,19.202520457095723,71.59897379700658,17.182712931596818
2026-08-11 23:00:00,30.5498895709121,71.12706672603713,18.542993039881708
2026-08-12 00:00:00,41.32119215783867,80.92283134305404,18.07658182043037
2026-08-12 01:00:00,37.22305853262613,77.43236974309298,15.739652789832208
2026-08-12 02:00:00,35.910472229858044,80.32603594641604,19.485784202831443
2026-08-12 03:00:00,36.07452251961328,76.52241007905619,16.512267277567197
2026-08-12 04:00:00,25.784734536592655,73.69603049858661,19.337115684284807
2026-08-12 05:00:00,23.8077553279348,82.286534765113,19.551407646787073
2026-08-12 06:00:00,39.28083466435541,81.9912381845347,16.064173971900537
2026-08-12 07:00:00,39.30340184037542,80.42044706281641,15.429447389774676
2026-08-12 08:00:00,41.01216955740311,74.08217705844945,20.465331102479077
2026-08-12 09:00:00,42.397216576694134,78.8534600030363,18.21860296638524
2026-08-12 10:00:00,30.340271965828133,75.4146084541004,15.40714656853833
2026-08-12 11:00:00,30.045488840615988,71.37373109989952,21.96406422018837
2026-08-12 12:00:00,38.948855369003255,83.75970363193365,15.404463926974566
2026-08-12 13:00:00,34.498917923332954,72.05227946378442,19.865246602009872
2026-08-12 14:00:00,36.059006317731104,84.25356030731203,21.885752476843894
2026-08-12 15:00:00,38.873780083083034,76.69008659436933,16.67426072951148
2026-08-12 16:00:00,41.70016025452699,72.7769939325793,15.995745580810373
2026-08-12 17:00:00,25.139854705546075,78.12851421067538,15.849694575957002
2026-08-12 18:00:00,26.26748857919832,83.09418753814613,17.12292603297317
2026-08-12 19:00:00,17.81945819522607,80.98337329614341,15.707320677074527
2026-08-12 20:00:00,32.34840422988522,82.09841721792175,19.845129391858922
2026-08-12 21:00:00,16.078268213902263,79.88175050066076,15.436042586910439
2026-08-12 22:00:00,28.967940543973803,80.38414846776779,18.565954897048528
2026-08-12 23:00:00,31.2793390412273,82.7379347734798,21.976877976970837
2026-08-13 00:00:00,23.596237563848533,73.74502013288779,20.69779188654213
2026-08-13 01:00:00,32.724997817070324,77.34137445464711,19.306536067617074
2026-08-13 02:00:00,15.915007498171484,73.31814162729404,17.14377534550628
2026-08-13 03:00:00,16.12044566247643,84.81502011994971,19.367270854041468
2026-08-13 04:00:00,39.67801681978975,84.1608900952992,18.68929024738156
2026-08-13 05:00:00,25.805719242337886,70.59140217052759,17.9825836872326
2026-08-13 06:00:00,18.811815379556542,80.58362758773532,15.914972637181396
2026-08-13 07:00:00,30.667297801644132,83.87872476123499,21.20622950668327
2026-08-13 08:00:00,38.09980659295832,72.70863017691,18.148492541749256
2026-08-13 09:00:00,21.474630824905297,78.51917845828945,16.362357582745354
2026-08-13 10:00:00,33.68671427457001,83.73232446382063,17.57431545614103
2026-08-13 11:00:00,17.56042394981304,70.50918967878698,17.898908267702488
2026-08-13 12:00:00,16.55045163505823,80.4613040087026,20.792765268968118
2026-08-13 13:00:00,30.94063894704444,74.46023511058826,20.135300663929815
2026-08-13 14:00:00,31.219053648303195,83.86594293064796,20.38513425548938
2026-08-13 15:00:00,34.1228970449462,84.56587367748051,15.07721885100053
2026-08-13 16:00:00,36.78274001167985,84.16399733670151,17.91307798725833
2026-08-13 17:00:00,44.275562383876036,77.11321324986196,18.369409061447264
2026-08-13 18:00:00,30.48901044903586,82.9306397648397,15.134345937761397
2026-08-13 19:00:00,24.688694188237378,82.66824097802606,16.81869246121524
2026-08-13 20:00:00,38.85558584306111,74.78650709864884,20.322028761854945
2026-08-13 21:00:00,23.124967537862226,82.43373211226016,15.959767940102994
2026-08-13 22:00:00,28.169142621169083,70.55511452073239,18.74717092016814
2026-08-13 23:00:00,17.35369144026798,78.9440481772308,16.50641310412066
2026-08-14 00:00:00,15.760522302463725,73.45013255931555,15.084845422507254
2026-08-14 01:00:00,43.87945244033775,71.80850328665919,16.68841020319679
2026-08-14 02:00:00,40.079403615366175,71.15429802443813,21.831116284370378
2026-08-14 03:00:00,35.87922618281094,80.4443316381721,20.610759783180928
2026-08-14 04:00:00,27.268588332428095,75.09812445652099,21.717036510247233
2026-08-14 05:00:00,20.19882960212537,80.87150157293142,18.41497830748454
2026-08-14 06:00:00,19.69311128013258,70.98034511198414,15.768153390742524
2026-08-14 07:00:00,22.50728694493786,74.72935506745915,18.83571642281585
2026-08-14 08:00:00,31.476799941183614,78.09236938563006,18.180641341919724
2026-08-14 09:00:00,36.437877681001865,81.86084747258445,20.910499579177312
2026-08-14 10:00:00,34.80592130153194,74.78128754398105,15.686578065489712
2026-08-14 11:00:00,23.398016908378285,79.38837064655513,18.417687959152445
2026-08-14 12:00:00,43.64595841989582,83.28966622354281,16.05034065285789
2026-08-14 13:00:00,37.13690750087305,79.23794782273457,17.27273148823042
2026-08-14 14:00:00,31.63062157534202,73.4943921213045,20.161499541714598
2026-08-14 15:00:00,33.35162238703057,70.36601172334807,18.332126905581365
2026-08-14 16:00:00,27.588001872833697,83.05148310851395,17.631217996020386
2026-08-14 17:00:00,22.431929685034724,70.31904116275581,17.761333949990245
2026-08-14 18:00:00,25.679180359537845,83.12052509026299,18.216127378841907
2026-08-14 19:00:00,37.735383313931074,77.93405701040818,20.4951158068594
2026-08-14 20:00:00,15.431804658892677,84.08601547769344,21.24459282258164
2026-08-14 21:00:00,18.482179215207488,81.98174853660498,21.6873428055275
2026-08-14 22:00:00,16.380079260652582,84.96901165800006,20.508323703787067
2026-08-14 23:00:00,16.221864069569104,75.26067723177565,17.207848270236088
2026-08-15 00:00:00,40.66381752033021,81.50782433396691,19.816942942605795
2026-08-15 01:00:00,36.109735781400715,76.02896370413863,18.063221868387743
2026-08-15 02:00:00,29.225214872619755,77.19813430455864,16.78269435432236
2026-08-15 03:00:00,17.935024819530042,79.41258194827554,20.88610105598146
2026-08-15 04:00:00,29.74847625350497,83.10515671279508,15.268984442736276
2026-08-15 05:00:00,29.204153123416972,84.76125203798942,21.312333944947966
2026-08-15 06:00:00,20.196056097300456,81.52410120796777,18.230342252373138
2026-08-15 07:00:00,28.01554947713919,76.26650173251001,19.46041033765796
2026-08-15 08:00:00,26.955142031921206,76.32035503415605,19.615477455440477
2026-08-15 09:00:00,33.47550294156649,81.06373452383338,21.265824184945757
2026-08-15 10:00:00,34.052809526029314,73.58165718652454,19.45668777517045
2026-08-15 11:00:00,16.359120293161336,71.65711169697092,19.297535093320434
2026-08-15 12:00:00,26.238378438794136,75.31933236461165,15.46656428392483
2026-08-15 13:00:00,33.77579747142709,74.30858487481123,18.62885615361643
2026-08-15 14:00:00,30.094087757402633,74.44462180683985,16.05118300571929
2026-08-15 15:00:00,40.69469523564967,73.50411626574865,20.1620363810504
2026-08-15 16:00:00,34.760808948568354,70.63139784454543,18.58555344568872
2026-08-15 17:00:00,19.88803281244289,70.26810902100121,19.761594454458475
2026-08-15 18:00:00,17.117062422012896,84.81583584604047,15.29171030421669
2026-08-15 19:00:00,34.27257834618947,76.41659700603793,15.593544112320622
2026-08-15 20:00:00,15.795339316248654,75.76489970739523,20.014263716438776
2026-08-15 21:00:00,32.5732674382039,80.19470924039605,15.504590351990714
2026-08-15 22:00:00,43.20690724274873,73.27380831797596,15.49879709435681
2026-08-15 23:00:00,32.26422533627637,84.24941775925338,15.084759326644212
2026-08-16 00:00:00,26.645097786195656,81.79517521623328,21.69550978809636
2026-08-16 01:00:00,34.29864655327059,71.3411650346839,20.16255851621305
2026-08-16 02:00:00,28.7475867147455,76.26371163677392,17.472759859514447
2026-08-16 03:00:00,31.36850367947805,83.18677461343248,17.075749069013586
2026-08-16 04:00:00,43.24394426329576,84.17098033437115,17.447922608220946
2026-08-16 05:00:00,26.58307913402323,77.01102266874804,20.422574718268272
2026-08-16 06:00:00,43.83571691471742,79.20117083816062,19.6295942774929
2026-08-16 07:00:00,42.160519258681916,72.50550919138112,16.296368975072276
2026-08-16 08:00:00,20.873734043678894,84.86752939205465,16.21876534733859
2026-08-16 09:00:00,17.080839026254964,73.47507552075164,15.68876954799378
2026-08-16 10:00:00,18.0233400413228,84.14097661202689,19.622119037909368
2026-08-16 11:00:00,15.546654769546493,79.74469973488553,20.350608635552152
2026-08-16 12:00:00,17.83328882267785,79.11605192318288,16.855324998275027
2026-08-16 13:00:00,35.490203202490704,77.69032766524762,15.14661472721639
2026-08-16 14:00:00,17.13565945380687,73.46004717576638,15.575201672334991
2026-08-16 15:00:00,24.569268908812838,72.64792048008262,21.775020243915215
2026-08-16 16:00:00,40.34625932908364,73.30729313605264,17.068113442341943
2026-08-16 17:00:00,15.698158072074776,72.79657393216382,20.384562034866935
2026-08-16 18:00:00,39.43405447766807,81.6937671035013,19.372644981979846
2026-08-16 19:00:00,23.455643243201997,75.25187888750095,17.67357747757027
2026-08-16 20:00:00,18.544944828649687,70.86764014845095,16.439810835368885
2026-08-16 21:00:00,35.90211496092452,84.53653945211217,15.849704927115845
2026-08-16 22:00:00,33.86828540339652,83.25678827445138,19.305090776272067
2026-08-16 23:00:00,41.32416040581159,83.91628424792819,20.422436464464518
2026-08-17 00:00:00,37.05213131411657,84.92361733969653,19.507329774787916
2026-08-17 01:00:00,39.10442791154546,72.6084287382923,18.712114932744107
2026-08-17 02:00:00,23.461037177139197,75.94363028353987,15.293658564021454
2026-08-17 03:00:00,20.323186313391684,81.37357713556136,21.779421443160686
2026-08-17 04:00:00,37.51844254922575,80.44030927080688,20.590999341582023
2026-08-17 05:00:00,39.20504217801792,72.30843859509783,17.049754256906752
2026-08-17 06:00:00,44.7151542600202,82.23749687485926,21.859792305511952
2026-08-17 07:00:00,27.378530307342793,73.36660857754991,19.213171127454252
2026-08-17 08:00:00,26.160542573783495,73.35726422233935,19.076958607450727
2026-08-17 09:00:00,38.29238882225991,78.05461634340121,20.236512256006726
2026-08-17 10:00:00,25.224106207590538,78.89409902262554,20.682388516630965
2026-08-17 11:00:00,42.922719768106944,78.70129311756716,19.595350251320518
2026-08-17 12:00:00,40.75238255529035,71.37230256096632,15.896670224563401
2026-08-17 13:00:00,27.86982082125055,83.1619129394557,17.36787254196149
2026-08-17 14:00:00,37.52613203374492,73.9840006388306,21.49658548228235
2026-08-17 15:00:00,37.63628622254047,71.94272381924206,16.572309282906964
2026-08-17 16:00:00,18.093716065077977,83.33122119803465,17.605169166862595
2026-08-17 17:00:00,42.076587200386996,84.3347724734463,18.024538180609373
2026-08-17 18:00:00,30.157571173435713,82.93191425898176,18.075834927861166
2026-08-17 19:00:00,39.79372398323225,82.14274112087317,19.290577077461677
2026-08-17 20:00:00,24.601488030918354,79.82862970958533,21.601530864212954
2026-08-17 21:00:00,41.86569685488601,78.2628605591371,16.684848982827535
2026-08-17 22:00:00,26.676050362024895,71.30480139867115,15.850509634106427
2026-08-17 23:00:00,15.32512954440895,76.12679819606048,16.382293429019562
2026-08-18 00:00:00,42.16145929257791,75.59032775518472,21.208474301464886
2026-08-18 01:00:00,17.738600303584008,73.8963067564049,19.520675688586444
2026-08-18 02:00:00,24.579409127712445,80.85130170532878,17.00134752467412
2026-08-18 03:00:00,43.50185901152415,77.43813602618157,20.71162857278032
2026-08-18 04:00:00,43.51821440812668,71.21569323861472,21.029589974544052
2026-08-18 05:00:00,32.203136643698585,73.30274802924717,20.925600370831944
2026-08-18 06:00:00,33.95511636509398,80.24888145489393,21.43248573547688
2026-08-18 07:00:00,28.453365659349593,71.1419628923545,16.76568714121353
2026-08-18 08:00:00,23.796323150941937,82.76810371073154,20.285293501223947
2026-08-18 09:00:00,24.85993636109748,77.42719790520961,18.22377648091898
2026-08-18 10:00:00,35.175553682311154,77.20879865989971,20.89398987023043
2026-08-18 11:00:00,37.5712358831304,78.88611676989277,20.099434740131294
2026-08-18 12:00:00,38.74737131177545,82.37021448887724,20.435132125498072
2026-08-18 13:00:00,38.68854428383662,75.2171381185329,19.5931328637675
2026-08-18 14:00:00,17.73618309146071,80.17024228838595,16.24200138628795
2026-08-18 15:00:00,29.832609141077445,78.48597945993687,18.815188432278568
2026-08-18 16:00:00,16.72676280049933,74.00542405254131,21.892688176671555
2026-08-18 17:00:00,31.485866469712064,83.17944979532737,21.561716465479833
2026-08-18 18:00:00,28.24591504120131,81.96139032410392,15.302216150579081
2026-08-18 19:00:00,41.63112548274899,79.87677751987638,16.15370371010606
2026-08-18 20:00:00,25.52745037656236,82.75872593641363,15.922101414181933
2026-08-18 21:00:00,18.512010492828175,83.00941301439704,20.081859369897067
2026-08-18 22:00:00,19.289750461585076,80.62544465072553,20.724497308998615
2026-08-18 23:00:00,37.84531895152416,82.55519992545509,16.494579564174703
2026-08-19 00:00:00,33.546541899487835,80.46207192503925,18.540968850662804
2026-08-19 01:00:00,18.033680283683708,80.2021115764045,20.884921196078402
2026-08-19 02:00:00,17.523204183449923,79.27917067322777,20.129610813363755
2026-08-19 03:00:00,36.0290739437736,81.29074959336462,18.795660438442937
2026-08-19 04:00:00,17.182890190925807,72.3790765793961,19.132433833211408
2026-08-19 05:00:00,39.65580177871068,83.21306138798393,18.55852382841396
2026-08-19 06:00:00,36.18726681469489,83.07765291617848,17.082839159231746
2026-08-19 07:00:00,17.440463419256993,70.43870924551838,18.955153950013113
2026-08-19 08:00:00,17.54513142255576,82.38725125847144,19.822197114350637
2026-08-19 09:00:00,44.59918735503526,71.93304801210168,21.113260411025653
2026-08-19 10:00:00,26.22812387268361,75.02678281388712,19.454039477854735
2026-08-19 11:00:00,26.11926441200673,81.15262384437412,20.327850759302105
2026-08-19 12:00:00,39.383987017725076,72.41139844072462,16.12050144468201
2026-08-19 13:00:00,43.41745732151576,82.26950536178593,18.23090232093853
2026-08-19 14:00:00,44.58003191468613,82.48201266936613,15.065321338789653
2026-08-19 15:00:00,37.60134555776825,77.61201600641255,16.72675205165136
2026-08-19 16:00:00,26.287787565927474,70.09578807575251,20.085232005791035
2026-08-19 17:00:00,17.505021500960062,74.30557199762369,21.942669659445542
2026-08-19 18:00:00,38.3144074778231,79.25390377563613,15.694246697110511
2026-08-19 19:00:00,31.752127492074152,84.71779267041136,17.810460211029017
2026-08-19 20:00:00,27.726660277409287,79.47720290525002,20.600496780894115
2026-08-19 21:00:00,42.19063155284208,73.8970537159624,16.42824944240229
2026-08-19 22:00:00,18.33592446918454,79.51008554649417,18.885594645116004
2026-08-19 23:00:00,29.778753128725775,78.09978069573783,20.131499072207724
2026-08-20 00:00:00,15.340609343022573,81.69768092726716,19.311898151821254
2026-08-20 01:00:00,29.05981925982379,71.60470958240438,16.316173142307914
2026-08-20 02:00:00,16.68909827045512,81.41541853753043,17.487691980800175
2026-08-20 03:00:00,18.564537488042156,78.11899868014166,20.48654249139778
2026-08-20 04:00:00,18.525787403313146,84.44488005788492,18.879585598924116
2026-08-20 05:00:00,34.47630906348191,75.1280824905803,15.036607294800389
2026-08-20 06:00:00,37.3813463779627,79.48932839700922,20.326935320196657
2026-08-20 07:00:00,32.50106295291479,83.98042158265027,15.247179484581673
2026-08-20 08:00:00,43.86517645423626,71.53764591986018,20.220136479118626
2026-08-20 09:00:00,26.246117385711123,84.05842730854677,16.417363921156664
2026-08-20 10:00:00,23.57136258845582,80.3182858345122,21.706514360835662
2026-08-20 11:00:00,41.057973845683804,71.01755588657758,17.57558525911459
2026-08-20 12:00:00,21.70787515558358,74.51445350420224,17.288521314366555
2026-08-20 13:00:00,43.89667618321834,80.62258132967922,16.042216352327113
2026-08-20 14:00:00,15.36463424069449,71.01025902203158,17.139229508431505
2026-08-20 15:00:00,44.09636480122917,78.73255690264409,21.136555332797403
2026-08-20 16:00:00,16.294797358517283,75.18824585429435,21.97434036339073
2026-08-20 17:00:00,41.73429341094213,79.31373276651216,17.578166713547937
2026-08-20 18:00:00,30.831033272588996,70.6861305071877,18.140274416681798
2026-08-20 19:00:00,44.78894388357901,83.07305209228565,20.054496567419157
2026-08-20 20:00:00,17.213896942061965,84.60233453766095,21.20337046325552
2026-08-20 21:00:00,31.615628532039622,84.53316782928538,19.15131033930749
2026-08-20 22:00:00,44.079076068572974,81.24477747614387,17.740679887244806
2026-08-20 23:00:00,30.692935325104465,71.95129360195948,17.888352885940368
2026-08-21 00:00:00,33.88195914405787,81.37394793893534,19.86932702547765
2026-08-21 01:00:00,35.87246066953851,70.36880374688202,15.02252784522995
2026-08-21 02:00:00,28.636231943033195,70.33185327293496,19.337125362218885
2026-08-21 03:00:00,33.8267424025219,74.85415328724312,17.4884510730895
2026-08-21 04:00:00,32.529429357693004,77.32964785606998,20.55938131893959
2026-08-21 05:00:00,42.034740314729675,81.5561112671169,15.650934478761926
2026-08-21 06:00:00,16.363391410243736,80.24943064909758,19.117415868638734
2026-08-21 07:00:00,23.42889568776691,76.68854059565122,18.366810229202866
2026-08-21 08:00:00,43.51234452229676,74.10439999422499,19.49627868133659
2026-08-21 09:00:00,41.70791351672749,84.95686750236567,15.453975161380779
2026-08-21 10:00:00,28.669702583571386,76.39271953353959,19.05988651199692
2026-08-21 11:00:00,33.6039779340461,76.77080536494513,18.930392115716664
2026-08-21 12:00:00,23.32143548943398,72.45435731787504,18.924620660913195
2026-08-21 13:00:00,20.64363479171284,81.92214323124894,19.224413666175185
2026-08-21 14:00:00,28.910952148199463,80.40523338672233,19.735275560584537
2026-08-21 15:00:00,25.600566840781585,73.3115441918314,20.634922997765386
2026-08-21 16:00:00,32.509683355526164,71.23571568423765,16.8887450408975
2026-08-21 17:00:00,17.332039108949544,80.2074895311207,20.775345871260434
2026-08-21 18:00:00,44.23184422998499,79.81766821421704,18.487789775844174
2026-08-21 19:00:00,44.586322334388086,74.09889290497314,15.539407953940318
2026-08-21 20:00:00,35.94485142059236,84.26295343375615,15.409856504707854
2026-08-21 21:00:00,31.082890990323612,72.2658683767135,17.339668230872427
2026-08-21 22:00:00,24.285828488589832,76.48502201563903,20.49427883978027
2026-08-21 23:00:00,39.41385059120846,84.15423880251399,19.95376654318641
2026-08-22 00:00:00,35.54193517661638,76.29590975389183,20.520304752706846
2026-08-22 01:00:00,19.87850818034674,79.57788921496129,18.620883395091266
2026-08-22 02:00:00,42.32781553481527,75.96391596944191,18.081392985688435
2026-08-22 03:00:00,39.67611728769507,74.11322803523005,16.03216768694399
2026-08-22 04:00:00,43.49399739875772,84.75966471939742,17.29734927526518
2026-08-22 05:00:00,36.7715852516508,76.14001009472564,18.038135563217125
2026-08-22 06:00:00,33.402455878073695,83.41148805518702,15.62020300775732
2026-08-22 07:00:00,27.547291088718566,73.4493190883663,16.54428366897848
2026-08-22 08:00:00,42.9818545006204,73.19657056037624,19.187577058446173
2026-08-22 09:00:00,40.98191668501225,70.46701124326768,20.149641799674328
2026-08-22 10:00:00,16.356560103185682,79.77500238063827,21.988432579750647
2026-08-22 11:00:00,15.79100923491756,75.52789515585641,21.531793319404905
2026-08-22 12:00:00,26.293901006341486,82.96537374759455,19.49795639674634
2026-08-22 13:00:00,39.31659992345499,77.09814860037336,17.948736373058505
2026-08-22 14:00:00,44.618283879448335,84.52290141872082,19.45324155295763
2026-08-22 15:00:00,19.512506733105845,72.78288273554682,20.499561326561626
2026-08-22 16:00:00,32.82392146056405,83.02934751933417,15.828353336463712
2026-08-22 17:00:00,26.426725698930646,81.64895279187613,17.869334227874017
2026-08-22 18:00:00,44.09743193443809,81.56382766966078,20.87861599944932
2026-08-22 19:00:00,40.263567694071256,82.6717484217533,17.686830663531307
2026-08-22 20:00:00,40.149861141334135,81.41535986414499,19.003105898590306
2026-08-22 21:00:00,29.06079479384911,79.39330482447123,19.114385526035388
2026-08-22 22:00:00,27.444585070129953,71.96867316523581,16.291333771935477
2026-08-22 23:00:00,23.20221215792119,70.48789269236877,17.535648091566017
2026-08-23 00:00:00,16.691264899527813,83.8127177172353,17.341579021193525
2026-08-23 01:00:00,40.9416712876516,79.24975471781107,15.183376959724454
2026-08-23 02:00:00,39.387030273902326,81.94805936464265,15.169342347239487
2026-08-23 03:00:00,44.991530198583916,77.22283527268826,20.821879305730413
2026-08-23 04:00:00,44.89910511221716,71.75962283443592,16.911495669809685
2026-08-23 05:00:00,31.662951168078823,71.87778688303825,18.62655136367171
2026-08-23 06:00:00,38.06962245541531,80.28347930843456,17.091079015121412
2026-08-23 07:00:00,43.34297189647284,76.45458842349194,21.584754715807385
2026-08-23 08:00:00,40.48942172032234,73.00787090050505,16.815077312060417
2026-08-23 09:00:00,22.42044305229593,77.37391820112155,18.007597689172545
2026-08-23 10:00:00,28.516324059302804,70.96313405612702,21.109111753392213
2026-08-23 11:00:00,18.87478245454485,78.72957102871598,20.89353496754266
2026-08-23 12:00:00,43.621530817761666,74.03490106652646,16.302709924923942
2026-08-23 13:00:00,33.1852390335264,81.96338650955782,20.618503168569973
2026-08-23 14:00:00,21.85928416510388,74.6554293838536,18.207308207165248
2026-08-23 15:00:00,35.15102053217571,76.82830223622702,18.380782104597486
2026-08-23 16:00:00,33.543847213736875,70.17430809862151,15.934359806911607
2026-08-23 17:00:00,25.744881540985215,71.08670331691839,15.564210596299873
2026-08-23 18:00:00,18.40672776598887,75.88740334610027,20.09557514881636
2026-08-23 19:00:00,35.14719586778399,77.19908252075685,18.475228066487098
2026-08-23 20:00:00,30.6092310271138,79.00030822178955,18.057954918306258
2026-08-23 21:00:00,38.16955175206918,74.37493868063954,20.106557600566777
2026-08-23 22:00:00,30.604905033359803,80.42472829189813,20.35859029293777
2026-08-23 23:00:00,40.5654450095562,82.90183595783807,16.112357173685474
2026-08-24 00:00:00,31.557205163234567,81.69776483340024,19.27157604634349
2026-08-24 01:00:00,31.828139146061588,70.59428238022535,15.947478575943798
2026-08-24 02:00:00,41.29960807975035,77.20760420886744,20.25962560220332
2026-08-24 03:00:00,27.104485986371913,71.57395267627263,19.598686093869976
2026-08-24 04:00:00,19.02045685351922,73.63067523793791,21.696302347584208
2026-08-24 05:00:00,15.863480289400169,84.7999388990072,15.482706114494949
2026-08-24 06:00:00,37.65411767020857,72.1374331435227,15.39938304805878
2026-08-24 07:00:00,33.60928654060394,77.48332230177034,16.975309522852402
2026-08-24 08:00:00,36.12239304297671,79.27233601477178,16.83193978615134
2026-08-24 09:00:00,21.388924845267322,80.53697455816156,16.728851593504
2026-08-24 10:00:00,19.09114426760309,78.39473025230372,21.343782063647257
2026-08-24 11:00:00,15.436339970036459,70.14656271128776,16.746823398946542
2026-08-24 12:00:00,25.51762676419791,74.89691962365988,16.903648082900418
2026-08-24 13:00:00,32.69753060563899,77.76567465077068,20.315787836925747
2026-08-24 14:00:00,26.76732135299197,71.3179974871725,18.14817889715378
2026-08-24 15:00:00,28.124247660711873,75.25940396813772,20.43697389868627
2026-08-24 16:00:00,42.12476083481245,70.4980466318705,15.457563102950697
2026-08-24 17:00:00,25.44766401069901,71.1786774573253,18.41299835571369
2026-08-24 18:00:00,30.419684674794325,75.95384914302394,15.235295201282979
2026-08-24 19:00:00,38.50959038223429,71.9907363106459,15.438572424187482
2026-08-24 20:00:00,26.896283469638107,78.51311272392337,21.345062173410877
2026-08-24 21:00:00,33.662601006836205,80.34197453705899,15.974717597823165
2026-08-24 22:00:00,40.87091126240236,82.00880048663625,18.72694477592652
2026-08-24 23:00:00,43.485618709729266,73.00225366367215,17.877669218204947
2026-08-25 00:00:00,19.41220442787114,72.51223873388605,17.4314032838119
2026-08-25 01:00:00,42.79762875484484,71.568517605016,21.298833419810908
2026-08-25 02:00:00,29.763488792386145,79.54645374315456,15.152763777428426
2026-08-25 03:00:00,22.74733164896875,80.59713589730352,19.646527803229123
2026-08-25 04:00:00,28.77407268714784,70.47379217238463,21.743761039494853
2026-08-25 05:00:00,44.40097725856431,84.04318369365535,18.921177284232893
2026-08-25 06:00:00,29.77854281978609,70.77956925477208,21.557757234231644
2026-08-25 07:00:00,24.862548308625247,78.11944502951606,15.365805155002166
2026-08-25 08:00:00,34.00202562950177,80.63590779176374,17.93155323351913
2026-08-25 09:00:00,22.204368563345792,83.06453685619128,16.821104536734357
2026-08-25 10:00:00,17.275899843259918,80.71130398198642,20.115746754865107
2026-08-25 11:00:00,18.866391657319475,82.02592124604688,21.869079633480727
2026-08-25 12:00:00,18.841375168733173,75.0917528881421,16.795710437109733
2026-08-25 13:00:00,19.55708080536883,82.22237670619768,19.57922221031852
2026-08-25 14:00:00,19.164815179482304,71.20172269577013,16.386683429318182
2026-08-25 15:00:00,34.226242344096434,83.42224984090791,18.95731178200127
2026-08-25 16:00:00,20.456402531974344,78.21388564230604,18.247527406818353
2026-08-25 17:00:00,25.370018499715897,82.2594665494374,21.80403730742076
2026-08-25 18:00:00,41.90365229718036,76.78477426777451,19.259690908875264
2026-08-25 19:00:00,29.218849207886173,79.65366542794787,17.44654460460773
2026-08-25 20:00:00,35.02673215563081,77.8960399140417,15.798670494215534
2026-08-25 21:00:00,20.169596136048895,80.97384282632999,16.058727801144542
2026-08-25 22:00:00,20.768670564260123,71.22444973045884,16.577218509658646
2026-08-25 23:00:00,16.226058487994365,70.90528125985846,16.756766629382085
2026-08-26 00:00:00,20.068051892164938,73.7065485101522,20.954312404887965
2026-08-26 01:00:00,23.35771017095876,72.39317020169783,18.928559517977675
2026-08-26 02:00:00,20.310314528302406,83.07675349888302,18.663736379620566
2026-08-26 03:00:00,17.661076012711668,73.28820981037066,15.803382103084523
2026-08-26 04:00:00,18.619076133018023,84.63797883728697,21.020977853446045
2026-08-26 05:00:00,28.823363040981775,75.05343687656661,20.059700122459386
2026-08-26 06:00:00,21.190011552173775,72.73176873533049,15.473678533300012
2026-08-26 07:00:00,25.928095831442263,81.84547760713718,19.95484568060838
2026-08-26 08:00:00,30.10251812564571,79.88061663251314,18.804767521398524
2026-08-26 09:00:00,35.71184485888096,77.47293574679708,15.572077420227448
2026-08-26 10:00:00,16.179364195232967,78.33045326406447,18.208104490700595
2026-08-26 11:00:00,38.98231196727128,80.78802667408395,18.39287400991033
2026-08-26 12:00:00,33.83701168472723,73.42682111996947,16.16042178114293
2026-08-26 13:00:00,17.452770958466157,84.94500874085114,21.619887029001976
2026-08-26 14:00:00,41.20735872320331,84.62189743220175,20.949827600364635
2026-08-26 15:00:00,42.626172015954396,79.75488529520405,19.68315636130376
2026-08-26 16:00:00,16.832338795645914,72.99313676393717,18.23606892700425
2026-08-26 17:00:00,23.30632944441611,80.20342363646937,17.88235879109156
2026-08-26 18:00:00,39.18603839379184,71.08297613468764,19.55681427005668
2026-08-26 19:00:00,37.447790711509754,70.4597875330871,18.81802308584834
2026-08-26 20:00:00,20.53563058069132,73.86524332766821,15.4359117411732
2026-08-26 21:00:00,21.28047970010131,76.93934435108974,18.58751854139232
2026-08-26 22:00:00,26.11416308374146,83.02408758112571,20.644825320629877
2026-08-26 23:00:00,29.53568955573064,80.90753604649461,18.214679143178707
2026-08-27 00:00:00,33.54764314590888,81.14059781799972,15.363696042879878
2026-08-27 01:00:00,26.067409187093173,76.38240001672114,20.503947395688233
2026-08-27 02:00:00,28.876041483994435,75.18902488820444,16.40954647495182
2026-08-27 03:00:00,37.4241281440127,75.56558144476904,16.810345844216272
2026-08-27 04:00:00,16.100496086717936,84.81474345604087,16.15294447402607
2026-08-27 05:00:00,22.573108330320622,70.60163787118724,17.311505454100484
2026-08-27 06:00:00,36.40048757653658,83.00547244183673,20.297260539820446
2026-08-27 07:00:00,41.856205130615976,78.6801311285859,18.635701016527563
2026-08-27 08:00:00,30.35032326346998,76.57923128784385,16.434168919054986
2026-08-27 09:00:00,30.96340455795947,80.87886490622705,21.144810547064285
2026-08-27 10:00:00,18.215160340193282,77.30003412137054,21.157072984660704
2026-08-27 11:00:00,28.42237100470364,83.1013485712249,21.094048975322046
2026-08-27 12:00:00,30.978517993650694,83.51052796016887,16.671573479670776
2026-08-27 13:00:00,22.27411510904189,76.32581390310183,18.158675409266916
2026-08-27 14:00:00,23.07729692848143,74.15241695852578,21.894927592986125
2026-08-27 15:00:00,26.31852489313868,78.88525492890044,20.404087334169933
2026-08-27 16:00:00,15.602135933331791,83.68545018425036,15.190171948578918
2026-08-27 17:00:00,24.66237496749535,73.159932835085,15.456432138823445
2026-08-27 18:00:00,21.34344020989634,79.34449875345224,18.24751963768633
2026-08-27 19:00:00,24.82492056533744,79.4734033013878,21.364541441030923
2026-08-27 20:00:00,18.59286395457754,80.99669533622921,18.770912585669
2026-08-27 21:00:00,41.71581842219685,71.9735152769089,18.484687556240033
2026-08-27 22:00:00,32.80777360662146,80.73737447023133,15.738315899696413
2026-08-27 23:00:00,35.37306957433469,83.63548780998461,19.597460733070058
2026-08-28 00:00:00,38.67513715822015,72.69524663305363,20.754722124201578
2026-08-28 01:00:00,29.95326596787172,73.56314987385817,17.662940052552937
2026-08-28 02:00:00,17.60760864262271,84.5709264106246,20.429282956477294
2026-08-28 03:00:00,31.113196254556435,72.71465429064234,21.75133657730568
2026-08-28 04:00:00,32.60523354062637,82.81577640054368,16.426365213893824
2026-08-28 05:00:00,37.3631842255299,77.38416784672052,18.66330741836319
2026-08-28 06:00:00,27.94978638689038,73.70846611604766,17.009965706592027
2026-08-28 07:00:00,18.82740908386691,83.06124851908767,20.549980933236874
2026-08-28 08:00:00,23.513277173961733,76.67957882503998,19.043153561168104
2026-08-28 09:00:00,25.892468891959055,77.72226030894535,19.442076922852127
2026-08-28 10:00:00,34.377517239948034,75.38850054099649,20.58539911731126
2026-08-28 11:00:00,32.12334914006736,78.89426277152391,17.771793308637186
2026-08-28 12:00:00,25.68290177693539,72.45285808877534,21.405630478849304
2026-08-28 13:00:00,44.59545746378939,75.86622304977641,18.73120207072298
2026-08-28 14:00:00,33.173244580706616,84.54118483502931,16.105683759847437
2026-08-28 15:00:00,22.116803752079832,73.87200149051691,19.871293827181617
2026-08-28 16:00:00,18.053474178612113,79.85104996811938,20.55282945306778
2026-08-28 17:00:00,19.585774175529963,74.87785096337042,17.217331739472687
2026-08-28 18:00:00,22.378731851535242,81.602096885299,21.00025479899127
2026-08-28 19:00:00,19.82044119778667,71.96310491077524,21.343002783360365
2026-08-28 20:00:00,20.59701072153917,84.54731567617817,16.93833141164466
2026-08-28 21:00:00,23.55285506081541,76.80684312075459,21.884650309006553
2026-08-28 22:00:00,20.201207858842643,73.54075695019696,15.984980696341308
2026-08-28 23:00:00,41.90296273879275,71.10245120995019,16.41410967881743
2026-08-29 00:00:00,17.407012369849266,72.54636857631311,16.289573874666182
2026-08-29 01:00:00,30.735341687107642,77.79660922834026,21.257927970055093
2026-08-29 02:00:00,27.311904809689846,75.05504764646929,19.580047866274732
2026-08-29 03:00:00,44.47135850725819,82.43325048823914,16.06472998255591
2026-08-29 04:00:00,18.36116706504157,76.4633128549271,18.082263928578442
2026-08-29 05:00:00,26.935667971372247,73.73071408881445,19.307086175488614
2026-08-29 06:00:00,44.08411299826106,79.25717479906045,15.584248594925683
2026-08-29 07:00:00,40.96521377681941,80.60165825328168,21.17691457885137
2026-08-29 08:00:00,39.512162128478394,72.50562861851425,20.625224748090744
2026-08-29 09:00:00,22.737084811348197,72.51428824432476,18.536447415036466
2026-08-29 10:00:00,20.126627621701974,70.55007140400315,21.769886306814193
2026-08-29 11:00:00,35.05929659773293,81.04603022598461,17.9243268549257
2026-08-29 12:00:00,42.88127967382758,79.95706791432707,21.888772233255484
2026-08-29 13:00:00,31.702886790417892,77.1194631362472,19.67543999162539
2026-08-29 14:00:00,32.14838068409699,82.66255673453796,19.44269891277759
2026-08-29 15:00:00,23.399372809808526,82.0850522942508,16.161684267070495
2026-08-29 16:00:00,38.084787995758106,78.78031546595128,21.173494308132508
2026-08-29 17:00:00,20.6113124567257,83.02406920769889,17.992427815444305
2026-08-29 18:00:00,24.71037709212731,73.08761815055152,16.135633840477354
2026-08-29 19:00:00,27.763093158492502,71.67879429096593,15.088252639830314
2026-08-29 20:00:00,30.228311360533652,74.04624417275484,18.91828978546868
2026-08-29 21:00:00,22.272291972452408,70.85630284133973,18.691797354858736
2026-08-29 22:00:00,18.445104742176106,77.96754292001548,20.035475356584108
2026-08-29 23:00:00,33.31860127324897,84.04908538442442,21.231806371124616
2026-08-30 00:00:00,23.65891659720767,70.59015311002764,15.555846092501207
2026-08-30 01:00:00,32.43714664267837,71.8316487101504,20.120475432382538
2026-08-30 02:00:00,19.63088145822607,76.78298542425154,16.311883608683075
2026-08-30 03:00:00,29.434203055644524,84.00812526291857,21.00723937210015
2026-08-30 04:00:00,30.977682976547577,74.74234157465126,20.733444597031593
2026-08-30 05:00:00,16.554706104672807,77.60852213032588,18.78555628489881
2026-08-30 06:00:00,25.098128345817617,70.62359288575588,19.97169959036318
2026-08-30 07:00:00,19.032440308169228,72.22514801443133,17.20045079228624
2026-08-30 08:00:00,16.90124911418303,84.7994518443827,18.298175292529702
2026-08-30 09:00:00,44.69880697169836,84.47678044654069,20.7514582839733
2026-08-30 10:00:00,24.67061534924169,70.07409971401614,18.214856380212495
2026-08-30 11:00:00,39.29623337563905,84.27717678134859,17.504587857278093
2026-08-30 12:00:00,22.639219642912916,79.5867990672325,18.4594871307521
2026-08-30 13:00:00,35.44508166671788,83.01877441780033,20.79774476706053
2026-08-30 14:00:00,37.80683579669059,76.82109783450788,17.34645633159611
2026-08-30 15:00:00,32.86916221823533,77.73394042868875,16.216331151950207
2026-08-30 16:00:00,29.14728565650475,77.33269870385381,19.984098142315467
2026-08-30 17:00:00,27.355227424418054,80.00296386319157,20.781847488956572
2026-08-30 18:00:00,25.46604799628986,72.0947688213447,15.704462349664734
2026-08-30 19:00:00,42.88587432743478,70.44960384809016,16.679118789291614
2026-08-30 20:00:00,39.918582233631874,74.61894912386786,15.993803928326958
2026-08-30 21:00:00,43.95080731999538,80.57021144104971,17.435589881075167
2026-08-30 22:00:00,18.72891670456634,73.02780178184423,18.152456852337888
2026-08-30 23:00:00,36.92602425610933,80.10148649987376,20.241784358743146
